{"centroid_X":22.94934959608798,"centroid_Y":40.62783870646838,"distance":134.1793191833545}